model,family,sony_name,function,fits,sources
BKM-20D,BVM-E/F/G and 20–32-inch BVM-D,SDI 4:2:2 Decoder Adaptor,"Three serial-digital inputs with active loop-through plus three analog inputs; decodes 4:2:2 component SDI (525/625). Composite on its analog BNCs is decoded only if a decoder card (21D, 24N, 25P, 26M or 27T) sits in another slot.","BVM-E, F and G; BVM-D20F1, D24E1W, D32E1W","Sony, BKM-20D/21D/22X/24N/25P/26M/27T/28X Installation Manual (BVM D, E, F and G series); Sony, BVM-D Series brochure"
BKM-21D,BVM-E/F/G and 20–32-inch BVM-D,SDI Multi Decoder Adaptor,"Same input set; decodes 4:2:2 component SDI, 4fsc composite SDI (NTSC and PAL) and analog composite NTSC/PAL. Needs monitor software 1.40 or later in an E-series chassis, 1.10 in a G-series, 1.20 in a D32E1W.","BVM-20E1/14E1/14E5, 20F1/14F1/14F5, 20G1/14G1/14G5, D32E1W, D24E1W, D20F1","Sony, BKM-20D/21D/22X/24N/25P/26M/27T/28X Installation Manual (BVM D, E, F and G series); Sony, BVM-D Series brochure"
BKM-22X,BVM-E/F/G and 20–32-inch BVM-D,SDI Input Expansion Adaptor,"Three SDI inputs with active loop-through plus three analog inputs; no decoder of its own, so it needs a 20D or 21D in another slot. Only one 22X per decoder card.",Same family,"Sony, BKM-20D/21D/22X/24N/25P/26M/27T/28X Installation Manual (BVM D, E, F and G series); Sony, BVM-D Series brochure"
BKM-24N,BVM-E/F/G and 20–32-inch BVM-D,NTSC Decoder Adaptor,"Six analog BNCs, high-impedance with loop-through; decodes composite NTSC and Y/C (S-Video) NTSC.",Same family,"Sony, BKM-20D/21D/22X/24N/25P/26M/27T/28X Installation Manual (BVM D, E, F and G series); Sony, BVM-D Series brochure"
BKM-25P,BVM-E/F/G and 20–32-inch BVM-D,PAL Decoder Adaptor,Same hardware; composite PAL and Y/C PAL.,Same family,"Sony, BKM-20D/21D/22X/24N/25P/26M/27T/28X Installation Manual (BVM D, E, F and G series); Sony, BVM-D Series brochure"
BKM-26M,BVM-E/F/G and 20–32-inch BVM-D,PAL-M Decoder Adaptor,Same hardware; composite PAL-M and Y/C PAL-M (the Brazilian standard).,Same family,"Sony, BKM-20D/21D/22X/24N/25P/26M/27T/28X Installation Manual (BVM D, E, F and G series); Sony, BVM-D Series brochure"
BKM-27T,BVM-E/F/G and 20–32-inch BVM-D,Tri-Standard Decoder Adaptor,"Same hardware; composite NTSC, PAL and SECAM plus Y/C.",Same family,"Sony, BKM-20D/21D/22X/24N/25P/26M/27T/28X Installation Manual (BVM D, E, F and G series); Sony, BVM-D Series brochure"
BKM-28X,BVM-E/F/G and 20–32-inch BVM-D,Analog Input Expansion Adaptor,"Six analog BNCs with loop-through; adds inputs only, no decoder.",Same family,"Sony, BKM-20D/21D/22X/24N/25P/26M/27T/28X Installation Manual (BVM D, E, F and G series); Sony, BVM-D Series brochure"
BKM-41HD,BVM-E/F/G and 20–32-inch BVM-D,HD SDI Input Adaptor,One HD serial-digital input.,"BVM-D32E1W, D24E1W, D20F1 per Sony; an E/F fit is not documented","Sony, BVM-D Series brochure"
BKM-42HD,BVM-E/F/G and 20–32-inch BVM-D,HD SDI Input Adaptor,Two HD serial-digital inputs.,"BVM-D32E1W, D24E1W, D20F1 per Sony; an E/F fit is not documented","Sony, BVM-D Series brochure"
BKM-48X,BVM-E/F/G and 20–32-inch BVM-D,HD Analog Input Expansion Adaptor,Six analog inputs for HD analog signals.,"BVM-D32E1W, D24E1W, D20F1 per Sony; ConsoleMods lists it for the 20E1U without a source","Sony, BVM-D Series brochure; ConsoleMods wiki, BVM-20E1U"
BKM-120D,"9/14-inch BVM-D, PVM-L5, PVM-L2",SDI 4:2:2 Decoder Adaptor (L5 brochure); SDI 4:2:2 Input Adaptor (D and L2 brochures),Two D-1 serial-digital inputs with two active loop-through outputs; embedded audio not supported.,BVM-D14H1/D14H5/D9H1/D9H5; PVM-20L5/14L5; PVM-20L2/14L2/9L2,"Sony, BVM-D Series brochure; Sony, PVM-20L5 / PVM-14L5 brochure; Sony, PVM-L2 Series brochure (2003)"
BKM-127W,"9/14-inch BVM-D, PVM-L5, PVM-L2",NTSC/PAL Input Adaptor,"Two analog composite BNCs with loop-through and automatic 75 Ω termination, a Y/C input, and a digital three-line comb filter.",BVM-D14/D9 per Sony; not listed in the L5 or L2 brochures,"Sony, BVM-D Series brochure"
BKM-129X,"9/14-inch BVM-D, PVM-L5, PVM-L2",Analog Component Input Adaptor,"One analog component input (Y/R-Y/B-Y or RGB) with loop-through, plus external-sync loop-through. The card most collectors want: it is the RGB input for a 20L5.",BVM-D14/D9 (supplied as standard); PVM-20L5/14L5; PVM-20L2/14L2/9L2 (the 9L2 needs it for any component input),"Sony, BVM-D Series brochure; Sony, PVM-20L5 / PVM-14L5 brochure; Sony, PVM-L2 Series brochure (2003)"
BKM-142HD,"9/14-inch BVM-D, PVM-L5, PVM-L2",HD SDI Input Adaptor,"Two HD-SDI inputs and one monitor output; 1080/24PsF, 1080/50i, 1035/60i, 1080/60i, 720/60p. HD only — it does not scale SD.",BVM-D14/D9; PVM-20L5/14L5,"Sony, BVM-D Series brochure; Sony, PVM-20L5 / PVM-14L5 brochure; shmups.system11.org, “PVM Addon Cards, are they universal?” (2023)"
BKM-150CP,"9/14-inch BVM-D, PVM-L5, PVM-L2",SDTI-CP/SDI Input Adaptor (L2); SDI with Audio Decoder Adaptor (L5),Two SDTI-CP/SD-SDI inputs with two loop-through outputs; MPEG-2 4:2:2P@ML decode; two analog audio outputs.,PVM-20L5/14L5; PVM-20L2/14L2/9L2,"Sony, PVM-20L5 / PVM-14L5 brochure; Sony, PVM-L2 Series brochure (2003)"
BKM-155DV,"9/14-inch BVM-D, PVM-L5, PVM-L2",DV Input Adaptor (L2); IEEE 1394 i.LINK Input Adaptor (L5),Two six-pin DV connectors in and out; two analog audio outputs.,PVM-L5; PVM-L2,"Sony, PVM-20L5 / PVM-14L5 brochure; Sony, PVM-L2 Series brochure (2003)"
BKM-126M,"9/14-inch BVM-D, PVM-L5, PVM-L2",PAL-M Input Adaptor,Two analog composite PAL-M inputs with two loop-through outputs; Brazilian market.,PVM-L2 per Sony; an L5 or D fit is not documented,"Sony, PVM-L2 Series brochure (2003)"
BKM-61D,BVM-A,SDI/Analog Multi Input Adaptor,"SD-SDI plus analog composite, Y/C (NTSC, PAL, PAL-M), analog component (Y/R-Y/B-Y or GBR) and SD digital component/composite (D1/D2).",All four BVM-A models,"Sony, BVM-A Series brochure (SONY51450); Sony Electronics bulletins 05-0584 and 05-0585, November 15, 2005"
BKM-62HS,BVM-A,HD SDI/SDI Input Adaptor,"HD-SDI and SD-SDI, auto-detected; dual-link 4:4:4 (SMPTE 372M) in GBR or Y/PB/PR.",All four BVM-A models,"Sony, BVM-A Series brochure (SONY51450); Sony Electronics bulletins 05-0584 and 05-0585, November 15, 2005"
BKM-68X,BVM-A,Analog Component Input Adaptor,"Analog component, SD and HD, as Y/PB/PR or GBR; one input and one loop-through output. The console-RGB card for a BVM-A; a modern clone of it exists and is what the A14F5U here runs.",All four BVM-A models,"Sony, BVM-A Series brochure (SONY51450); Sony Electronics bulletins 05-0584 and 05-0585, November 15, 2005; ConsoleMods wiki, BKM-68X and BKM-10R"
BKM-220D,LCD/OLED era,SD-SDI 4:2:2 Input Adaptor,Two SD-SDI BNCs.,LMD-51 series per Sony,"Sony, Professional Monitor Line-up — Optional Accessories"
BKM-227W,LCD/OLED era,NTSC/PAL Input Adaptor,One composite BNC and one Y/C mini-DIN.,LMD-51 series per Sony,"Sony, Professional Monitor Line-up — Optional Accessories"
BKM-229X,LCD/OLED era,Analog Component Adaptor,Three RGB/component BNCs plus one external-sync BNC.,LMD-51 series per Sony,"Sony, Professional Monitor Line-up — Optional Accessories"
BKM-243HS,LCD/OLED era,HD/SD-SDI Input Adaptor,Two HD/SD-SDI BNCs. Does not fit a CRT PVM.,LMD-51 series; the later OLED and LCD BVMs and LMDs,"Sony, Professional Monitor Line-up — Optional Accessories; Sony Professional, BKM-243HS product page; shmups.system11.org, “PVM Addon Cards, are they universal?” (2023)"
BKM-244CC,LCD/OLED era,HD/SD-SDI Closed Caption Adaptor,Two HD/SD-SDI BNCs with EIA-708 caption decoding.,LMD-51 series per Sony,"Sony, Professional Monitor Line-up — Optional Accessories"
BKM-250TG,LCD/OLED era,3G/HD/SD-SDI Input Adaptor,"3G-SDI, single-link 4:4:4 RGB, 1080/60p, with loop-through.",LMD-51 series per Sony; dealers list it for BVM-L and PVM-L,"Sony, Professional Monitor Line-up — Optional Accessories; Expandore (Sony dealer), LMD accessories"
BKM-341HS,LCD/OLED era,HD/SD-SDI Input Adaptor,One HD/SD-SDI BNC.,LMD-30 and LMD-10 series per Sony,"Sony, Professional Monitor Line-up — Optional Accessories"
BKM-10R,Controllers and accessories,Monitor control unit,"Rack-width remote; RS-422 over a DE-9 cable, powered by the monitor; controls one monitor or a daisy chain. The one on the BVM-20E1U here.",BVM-E/F and BVM-D; not BVM-A,"ConsoleMods wiki, BVM-20E1U; ConsoleMods wiki, BKM-68X and BKM-10R; crtdatabase.com, Sony BKM controllers"
BKM-11R,Controllers and accessories,Monitor control unit,The small handheld controller that plugs into the monitor's front.,BVM-D and earlier,"ConsoleMods wiki, BVM-20E1U; crtdatabase.com, Sony BKM controllers"
BKM-15R,Controllers and accessories,Monitor control unit,The BVM-A generation's controller.,BVM-A,"Sony Electronics bulletins 05-0584 and 05-0585, November 15, 2005"
BKM-14L,Controllers and accessories,Auto set-up probe,Screen-mounted probe for the BVM-A's automatic white-balance and alignment routine.,BVM-A,"Sony Electronics bulletins 05-0584 and 05-0585, November 15, 2005"
BKM-35H / 36H,Controllers and accessories,Control-unit attachment kits,Mount a control unit to the monitor.,BVM-A,"Sony Electronics bulletins 05-0584 and 05-0585, November 15, 2005"
BKM-30E14 / 30E20,Controllers and accessories,Rack-mount kits,Rack rails for the 14-inch and 20-inch BVM-A.,BVM-A,"Sony Electronics bulletins 05-0584 and 05-0585, November 15, 2005"
