title,board_photo,thumbnail
1942,https://www.orlandu.com/media/2026/pc10-cart-1942.webp,https://www.orlandu.com/media/thumbs/pc10-cart-1942.webp
Balloon Fight,https://www.orlandu.com/media/2026/pc10-cart-balloon-fight.webp,https://www.orlandu.com/media/thumbs/pc10-cart-balloon-fight.webp
Baseball,https://www.orlandu.com/media/2026/pc10-cart-baseball.webp,https://www.orlandu.com/media/thumbs/pc10-cart-baseball.webp
Baseball Stars,https://www.orlandu.com/media/2026/pc10-cart-baseball-stars.webp,https://www.orlandu.com/media/thumbs/pc10-cart-baseball-stars.webp
Captain Skyhawk,https://www.orlandu.com/media/2026/pc10-cart-captain-skyhawk-v2.webp,https://www.orlandu.com/media/thumbs/pc10-cart-captain-skyhawk-v2.webp
Castlevania,https://www.orlandu.com/media/2026/pc10-cart-castlevania.webp,https://www.orlandu.com/media/thumbs/pc10-cart-castlevania.webp
Chip ’n Dale Rescue Rangers,https://www.orlandu.com/media/2026/pc10-cart-rescue-rangers.webp,https://www.orlandu.com/media/thumbs/pc10-cart-rescue-rangers.webp
Contra,https://www.orlandu.com/media/2026/pc10-cart-contra.webp,https://www.orlandu.com/media/thumbs/pc10-cart-contra.webp
Double Dragon,https://www.orlandu.com/media/2026/pc10-cart-double-dragon.webp,https://www.orlandu.com/media/thumbs/pc10-cart-double-dragon.webp
Double Dribble,https://www.orlandu.com/media/2026/pc10-cart-double-dribble.webp,https://www.orlandu.com/media/thumbs/pc10-cart-double-dribble.webp
Dr. Mario,https://www.orlandu.com/media/2026/pc10-cart-dr-mario.webp,https://www.orlandu.com/media/thumbs/pc10-cart-dr-mario.webp
Duck Hunt,https://www.orlandu.com/media/2026/pc10-cart-duck-hunt.webp,https://www.orlandu.com/media/thumbs/pc10-cart-duck-hunt.webp
Excitebike,https://www.orlandu.com/media/2026/pc10-cart-excitebike.webp,https://www.orlandu.com/media/thumbs/pc10-cart-excitebike.webp
Fester’s Quest,https://www.orlandu.com/media/2026/pc10-cart-festers-quest.webp,https://www.orlandu.com/media/thumbs/pc10-cart-festers-quest.webp
Gauntlet,https://www.orlandu.com/media/2026/pc10-cart-gauntlet-v2.webp,https://www.orlandu.com/media/thumbs/pc10-cart-gauntlet-v2.webp
Golf,https://www.orlandu.com/media/2026/pc10-cart-golf.webp,https://www.orlandu.com/media/thumbs/pc10-cart-golf.webp
The Goonies,https://www.orlandu.com/media/2026/pc10-cart-goonies.webp,https://www.orlandu.com/media/thumbs/pc10-cart-goonies.webp
Gradius,https://www.orlandu.com/media/2026/pc10-cart-gradius.webp,https://www.orlandu.com/media/thumbs/pc10-cart-gradius.webp
Hogan’s Alley,https://www.orlandu.com/media/2026/pc10-cart-hogans-alley.webp,https://www.orlandu.com/media/thumbs/pc10-cart-hogans-alley.webp
Kung Fu,https://www.orlandu.com/media/2026/pc10-cart-kung-fu.webp,https://www.orlandu.com/media/thumbs/pc10-cart-kung-fu.webp
Mario Bros.,https://www.orlandu.com/media/2026/pc10-cart-mario-bros.webp,https://www.orlandu.com/media/thumbs/pc10-cart-mario-bros.webp
Mario’s Open Golf,https://www.orlandu.com/media/2026/pc10-cart-marios-open-golf-v2.webp,https://www.orlandu.com/media/thumbs/pc10-cart-marios-open-golf-v2.webp
Mega Man 3,https://www.orlandu.com/media/2026/pc10-cart-mega-man-3-v2.webp,https://www.orlandu.com/media/thumbs/pc10-cart-mega-man-3-v2.webp
Metroid,https://www.orlandu.com/media/2026/pc10-cart-metroid.webp,https://www.orlandu.com/media/thumbs/pc10-cart-metroid.webp
Mike Tyson’s Punch-Out!!,https://www.orlandu.com/media/2026/pc10-cart-tysons-punch-out.webp,https://www.orlandu.com/media/thumbs/pc10-cart-tysons-punch-out.webp
Ninja Gaiden,https://www.orlandu.com/media/2026/pc10-cart-ninja-gaiden.webp,https://www.orlandu.com/media/thumbs/pc10-cart-ninja-gaiden.webp
Ninja Gaiden II,https://www.orlandu.com/media/2026/pc10-cart-ninja-gaiden-ii-v2.webp,https://www.orlandu.com/media/thumbs/pc10-cart-ninja-gaiden-ii-v2.webp
Ninja Gaiden III,https://www.orlandu.com/media/2026/pc10-cart-ninja-gaiden-iii-v2.webp,https://www.orlandu.com/media/thumbs/pc10-cart-ninja-gaiden-iii-v2.webp
Nintendo World Cup,https://www.orlandu.com/media/2026/pc10-cart-nintendo-world-cup-v2.webp,https://www.orlandu.com/media/thumbs/pc10-cart-nintendo-world-cup-v2.webp
Pin·Bot,https://www.orlandu.com/media/2026/pc10-cart-pin-bot-v2.webp,https://www.orlandu.com/media/thumbs/pc10-cart-pin-bot-v2.webp
Power Blade,https://www.orlandu.com/media/2026/pc10-cart-power-blade-v2.webp,https://www.orlandu.com/media/thumbs/pc10-cart-power-blade-v2.webp
Pro Wrestling,https://www.orlandu.com/media/2026/pc10-cart-pro-wrestling.webp,https://www.orlandu.com/media/thumbs/pc10-cart-pro-wrestling.webp
R.C. Pro-Am,https://www.orlandu.com/media/2026/pc10-cart-rc-pro-am.webp,https://www.orlandu.com/media/thumbs/pc10-cart-rc-pro-am.webp
Rad Racer,https://www.orlandu.com/media/2026/pc10-cart-rad-racer.webp,https://www.orlandu.com/media/thumbs/pc10-cart-rad-racer.webp
Rad Racer II,https://www.orlandu.com/media/2026/pc10-cart-rad-racer-ii-v2.webp,https://www.orlandu.com/media/thumbs/pc10-cart-rad-racer-ii-v2.webp
Rockin’ Kats,https://www.orlandu.com/media/2026/pc10-cart-rockin-kats-v2.webp,https://www.orlandu.com/media/thumbs/pc10-cart-rockin-kats-v2.webp
Rush’n Attack,https://www.orlandu.com/media/2026/pc10-cart-rush-n-attack.webp,https://www.orlandu.com/media/thumbs/pc10-cart-rush-n-attack.webp
Rygar,https://www.orlandu.com/media/2026/pc10-cart-rygar.webp,https://www.orlandu.com/media/thumbs/pc10-cart-rygar.webp
Solar Jetman,https://www.orlandu.com/media/2026/pc10-cart-solar-jetman-v2.webp,https://www.orlandu.com/media/thumbs/pc10-cart-solar-jetman-v2.webp
Super C,https://www.orlandu.com/media/2026/pc10-cart-super-c-v2.webp,https://www.orlandu.com/media/thumbs/pc10-cart-super-c-v2.webp
Super Mario Bros.,https://www.orlandu.com/media/2026/pc10-cart-super-mario-bros.webp,https://www.orlandu.com/media/thumbs/pc10-cart-super-mario-bros.webp
Super Mario Bros. 2,https://www.orlandu.com/media/2026/pc10-cart-super-mario-bros-2-v2.webp,https://www.orlandu.com/media/thumbs/pc10-cart-super-mario-bros-2-v2.webp
Super Mario Bros. 3,https://www.orlandu.com/media/2026/pc10-cart-super-mario-bros-3-v2.webp,https://www.orlandu.com/media/thumbs/pc10-cart-super-mario-bros-3-v2.webp
Tecmo Bowl,https://www.orlandu.com/media/2026/pc10-cart-tecmo-bowl.webp,https://www.orlandu.com/media/thumbs/pc10-cart-tecmo-bowl.webp
Teenage Mutant Ninja Turtles,https://www.orlandu.com/media/2026/pc10-cart-tmnt.webp,https://www.orlandu.com/media/thumbs/pc10-cart-tmnt.webp
Teenage Mutant Ninja Turtles II: The Arcade Game,https://www.orlandu.com/media/2026/pc10-cart-tmnt-ii-v2.webp,https://www.orlandu.com/media/thumbs/pc10-cart-tmnt-ii-v2.webp
Tennis,https://www.orlandu.com/media/2026/pc10-cart-tennis.webp,https://www.orlandu.com/media/thumbs/pc10-cart-tennis.webp
Track & Field,https://www.orlandu.com/media/2026/pc10-cart-track-and-field.webp,https://www.orlandu.com/media/thumbs/pc10-cart-track-and-field.webp
Trojan,https://www.orlandu.com/media/2026/pc10-cart-trojan.webp,https://www.orlandu.com/media/thumbs/pc10-cart-trojan.webp
Volleyball,https://www.orlandu.com/media/2026/pc10-cart-volleyball.webp,https://www.orlandu.com/media/thumbs/pc10-cart-volleyball.webp
Wild Gunman,https://www.orlandu.com/media/2026/pc10-cart-wild-gunman.webp,https://www.orlandu.com/media/thumbs/pc10-cart-wild-gunman.webp
Yo! Noid,https://www.orlandu.com/media/2026/pc10-cart-yo-noid-v2.webp,https://www.orlandu.com/media/thumbs/pc10-cart-yo-noid-v2.webp
